"KODE","NAMA_REK","TAHUN","SKT","PREFIX"
"110101010001",,2025,,
"110102010001",,2025,,
"11010201000101",,2025,,
"11010201000104",,2025,,
"11010301000102",,2025,,
"11010301000103",,2025,,
"11010301000104",,2025,,
"110105010001",,2025,,
"11010501000102",,2025,,
"110402190001",,2025,,
"110402200001",,2025,,
"110403080001",,2025,,
"110609010001",,2025,,
"4",PENDAPATAN DAERAH,2025,,
"41",PENDAPATAN ASLI DAERAH (PAD),2025,,
"4101",Pajak Daerah,2025,,
"410101",Pajak Kendaraan Bermotor (PKB),2025,PKB,"001"
"41010101",PKB-Mobil Penumpang-Sedan,2025,,
"410101010001",PKB-Mobil Penumpang-Sedan-Pribadi,2025,,
"410101010002",PKB-Mobil Penumpang-Sedan-Umum,2025,,
"410101010003",PKB-Mobil Penumpang-Sedan-Pemerintah Pusat,2025,,
"410101010004",PKB-Mobil Penumpang-Sedan-Pemerintah Daerah,2025,,
"41010102",PKB-Mobil Penumpang-Jeep,2025,,
"410101020001",PKB-Mobil Penumpang-Jeep-Pribadi,2025,,
"410101020002",PKB-Mobil Penumpang-Jeep-Umum,2025,,
"410101020003",PKB-Mobil Penumpang-Jeep-Pemerintah Pusat,2025,,
"410101020004",PKB-Mobil Penumpang-Jeep-Pemerintah Daerah,2025,,
"41010103",PKB-Mobil Penumpang-Minibus,2025,,
"410101030001",PKB-Mobil Penumpang-Minibus-Pribadi,2025,,
"410101030002",PKB-Mobil Penumpang-Minibus-Umum,2025,,
"410101030003",PKB-Mobil Penumpang-Minibus-Pemerintah Pusat,2025,,
"410101030004",PKB-Mobil Penumpang-Minibus-Pemerintah Daerah,2025,,
"41010104",PKB-Mobil Bus-Microbus,2025,,
"410101040001",PKB-Mobil Bus-Microbus-Pribadi,2025,,
"410101040002",PKB-Mobil Bus-Microbus-Umum,2025,,
"410101040003",PKB-Mobil Bus-Microbus-Pemerintah Pusat,2025,,
"410101040004",PKB-Mobil Bus-Microbus-Pemerintah Daerah,2025,,
"41010105",PKB-Mobil Bus-Bus,2025,,
"410101050001",PKB-Mobil Bus-Bus-Pribadi,2025,,
"410101050002",PKB-Mobil Bus-Bus-Umum,2025,,
"410101050003",PKB-Mobil Bus-Bus-Pemerintah Pusat,2025,,
"410101050004",PKB-Mobil Bus-Bus-Pemerintah Daerah,2025,,
"41010106",PKB-Mobil Barang/Beban-Pick Up,2025,,
"410101060001",PKB-Mobil Barang/Beban-Pick Up-Pribadi,2025,,
"410101060002",PKB-Mobil Barang/Beban-Pick Up-Umum,2025,,
"410101060003",PKB-Mobil Barang/Beban-Pick Up-,2025,,
"410101060004",PKB-Mobil Barang/Beban-Pick Up- Pemerintah Daerah,2025,,
"41010107",PKB-Mobil Barang/Beban-Light Truck,2025,,
"410101070001",PKB-Mobil Barang/Beban-Light Truck-Pribadi,2025,,
"410101070002",PKB-Mobil Barang/Beban-Light Truck-Umum,2025,,
"410101070003",PKB-Mobil Barang/Beban-Light Truck- Pemerintah Pusat,2025,,
"410101070004",PKB-Mobil Barang/Beban-Light Truck- Pemerintah Daerah,2025,,
"41010108",PKB-Mobil Barang/Beban-Truck,2025,,
"410101080001",PKB-Mobil Barang/Beban-Truck-Pribadi,2025,,
"410101080002",PKB-Mobil Barang/Beban-Truck-Umum,2025,,
"410101080003",PKB-Mobil Barang/Beban-Truck-Pemerintah Pusat,2025,,
"410101080004",PKB-Mobil Barang/Beban-Truck-Pemerintah Daerah,2025,,
"41010109",PKB-Mobil Barang/Beban-Blind Van,2025,,
"410101090001",PKB-Mobil Barang/Beban-Blind Van-Pribadi,2025,,
"410101090002",PKB-Mobil Barang/Beban-Blind Van-Umum,2025,,
"410101090003",PKB-Mobil Barang/Beban-Blind Van- Pemerintah Pusat,2025,,
"410101090004",PKB-Mobil Barang/Beban-Blind Van- Pemerintah Daerah,2025,,
"41010110",PKB-Sepeda Motor-Sepeda Motor Roda Dua,2025,,
"410101100001",PKB-Sepeda Motor-Sepeda Motor Roda Dua- Pribadi,2025,,
"410101100002",PKB-Sepeda Motor-Sepeda Motor Roda Dua- Umum,2025,,
"410101100003",PKB-Sepeda Motor-Sepeda Motor Roda Dua- Pemerintah Pusat,2025,,
"410101100004",PKB-Sepeda Motor-Sepeda Motor Roda Dua- Pemerintah Daerah,2025,,
"41010111",PKB-Sepeda Motor-Sepeda Motor Roda Tiga,2025,,
"410101110001",PKB-Sepeda Motor-Sepeda Motor Roda Tiga- Pribadi,2025,,
"410101110002",PKB-Sepeda Motor-Sepeda Motor Roda Tiga- Umum,2025,,
"410101110003",PKB-Sepeda Motor-Sepeda Motor Roda Tiga- Pemerintah Pusat,2025,,
"410101110004",PKB-Sepeda Motor-Sepeda Motor Roda Tiga- Pemerintah Daerah,2025,,
"41010112",PKB-Kendaraan Bermotor yang Dioperasikan di Air,2025,,
"410101120001",PKB-Kendaraan Bermotor yang Dioperasikan di Air-Pribadi,2025,,
"410101120002",PKB-Kendaraan Bermotor yang Dioperasikan di Air-Umum,2025,,
"410101120003",PKB-Kendaraan Bermotor yang Dioperasikan di Air-Pemerintah Pusat,2025,,
"410101120004",PKB-Kendaraan Bermotor yang Dioperasikan di Air-Pemerintah Daerah,2025,,
"41010113",PKB-Kendaraan Khusus Alat Berat/Alat Besar,2025,,
"410101130001",PKB-Kendaraan Khusus Alat Berat/Alat Besar-Pribadi,2025,,
"410101130002",PKB-Kendaraan Khusus Alat Berat/Alat Besar-Umum,2025,,
"410101130003",PKB-Kendaraan Khusus Alat Berat/Alat Besar-Pemerintah Pusat,2025,,
"410101130004",PKB-Kendaraan Khusus Alat Berat/Alat Besar-Pemerintah Daerah,2025,,
"41010114",PKB-Mobil Roda Tiga,2025,,
"410101140001",PKB-Mobil Roda Tiga-Pribadi,2025,,
"410101140002",PKB-Mobil Roda Tiga-Umum,2025,,
"410101140003",PKB-Mobil Roda Tiga-Pemerintah Pusat,2025,,
"410101140004",PKB-Mobil Roda Tiga-Pemerintah Daerah,2025,,
"410102",Bea Balik Nama Kendaraan Bermotor (BBNKB),2025,BBNKB,"002"
"41010201",BBNKB-Mobil Penumpang-Sedan,2025,,
"410102010001",BBNKB-Mobil Penumpang-Sedan,2025,,
"41010202",BBNKB-Mobil Penumpang-Jeep,2025,,
"410102020001",BBNKB-Mobil Penumpang-Jeep,2025,,
"41010203",BBNKB-Mobil Penumpang-Minibus,2025,,
"410102030001",BBNKB-Mobil Penumpang-Minibus,2025,,
"41010204",BBNKB-Mobil Bus-Microbus,2025,,
"410102040001",BBNKB-Mobil Bus-Microbus,2025,,
"41010205",BBNKB-Mobil Bus-Bus,2025,,
"410102050001",BBNKB-Mobil Bus-Bus,2025,,
"41010206",BBNKB-Mobil Barang/Beban-Pick Up,2025,,
"410102060001",BBNKB-Mobil Barang/Beban-Pick Up,2025,,
"41010207",BBNKB-Mobil Barang/Beban-Light Truck,2025,,
"410102070001",BBNKB-Mobil Barang/Beban-Light Truck,2025,,
"41010208",BBNKB-Mobil Barang/Beban-Truck,2025,,
"410102080001",BBNKB-Mobil Barang/Beban-Truck,2025,,
"41010209",BBNKB-Mobil Barang/Beban-Blind Van,2025,,
"410102090001",BBNKB-Mobil Barang/Beban-Blind Van,2025,,
"41010210",BBNKB-Sepeda Motor-Sepeda Motor Roda Dua,2025,,
"410102100001",BBNKB-Sepeda Motor-Sepeda Motor Roda Dua,2025,,
"41010211",BBNKB-Sepeda Motor-Sepeda Motor Roda Tiga,2025,,
"410102110001",BBNKB-Sepeda Motor-Sepeda Motor Roda Tiga,2025,,
"41010212",BBNKB-Kendaraan Bermotor yang Dioperasikan di Air,2025,,
"410102120001",BBNKB-Kendaraan Bermotor yang Dioperasikan di Air,2025,,
"41010213",BBNKB-Kendaraan Khusus Alat Berat,2025,,
"410102130001",BBNKB-Kendaraan Khusus Alat Berat,2025,,
"41010214",BBNKB-Mobil Roda Tiga,2025,,
"410102140001",BBNKB-Mobil Roda Tiga,2025,,
"410103",Pajak Bahan Bakar Kendaraan Bermotor (PBBKB),2025,PBBKB,"003"
"41010301",PBBKB-Bahan Bakar Bensin,2025,,
"410103010001",PBBKB Bahan Bakar Bensin,2025,,
"41010302",PBBKB-Bahan Bakar Solar,2025,,
"410103020001",PBBKB Bahan Bakar Solar,2025,,
"41010303",PBBKB-Bahan Bakar Gas,2025,,
"410103030001",PBBKB Bahan Bakar Gas,2025,,
"41010304",PBBKB-Bahan Bakar Lainnya,2025,,
"410103040001",PBBKB Bahan Bakar Lainnya,2025,,
"410104",Pajak Air Permukaan,2025,PAP,"004"
"410104",Pajak Air Permukaan,2025,PAP,"009"
"41010401",Pajak Air Permukaan,2025,,
"410104010001",Pajak Air Permukaan,2025,,
"410105",Pajak Rokok,2025,PRK,"005"
"41010501",Pajak Rokok,2025,,
"410105010001",Pajak Rokok,2025,,
"410106",Pajak Hotel,2025,,
"41010601",Pajak Hotel,2025,,
"410106010001",Pajak Hotel,2025,,
"41010602",Pajak Motel,2025,,
"410106020001",Pajak Motel,2025,,
"41010603",Pajak Losmen,2025,,
"410106030001",Pajak Losmen,2025,,
"41010604",Pajak Gubuk Pariwisata,2025,,
"410106040001",Pajak Gubuk Pariwisata,2025,,
"41010605",Pajak Wisma Pariwisata,2025,,
"410106050001",Pajak Wisma Pariwisata,2025,,
"41010606",Pajak Pesanggrahan,2025,,
"410106060001",Pajak Pesanggrahan,2025,,
"41010607",Pajak Rumah Penginapan dan Sejenisnya,2025,,
"410106070001",Pajak Rumah Penginapan dan Sejenisnya,2025,,
"41010608",Pajak Rumah Kos dengan Jumlah Kamar Lebih dari 10 (Sepuluh),2025,,
"410106080001",Pajak Rumah Kos dengan Jumlah Kamar Lebih dari 10 (Sepuluh),2025,,
"410107",Pajak Restoran,2025,,
"41010701",Pajak Restoran dan Sejenisnya,2025,,
"410107010001",Pajak Restoran dan Sejenisnya,2025,,
"41010702",Pajak Rumah Makan dan Sejenisnya,2025,,
"410107020001",Pajak Rumah Makan dan Sejenisnya,2025,,
"41010703",Pajak Kafetaria dan Sejenisnya,2025,,
"410107030001",Pajak Kafetaria dan Sejenisnya,2025,,
"41010704",Pajak Kantin dan Sejenisnya,2025,,
"410107040001",Pajak Kantin dan Sejenisnya,2025,,
"41010705",Pajak Warung dan Sejenisnya,2025,,
"410107050001",Pajak Warung dan Sejenisnya,2025,,
"41010706",Pajak Bar dan Sejenisnya,2025,,
"410107060001",Pajak Bar dan Sejenisnya,2025,,
"41010707",Pajak Jasa Boga/Katering dan Sejenisnya,2025,,
"410107070001",Pajak Jasa Boga/Katering dan Sejenisnya,2025,,
"410108",Pajak Hiburan,2025,,
"41010801",Pajak Tontonan Film,2025,,
"410108010001",Pajak Tontonan Film,2025,,
"41010802",Pajak Pagelaran Kesenian/Musik/Tari/ Busana,2025,,
"410108020001",Pajak Pagelaran Kesenian/Musik/Tari/ Busana,2025,,
"41010803","Pajak Kontes Kecantikan, Binaraga, dan Sejenisnya",2025,,
"410108030001","Pajak Kontes Kecantikan, Binaraga, dan Sejenisnya",2025,,
"41010804",Pajak Pameran,2025,,
"410108040001",Pajak Pameran,2025,,
"41010805","Pajak Diskotik, Karaoke, Klub Malam, dan Sejenisnya",2025,,
"410108050001","Pajak Diskotik, Karaoke, Klub Malam, dan Sejenisnya",2025,,
"41010806",Pajak Sirkus/Akrobat/Sulap,2025,,
"410108060001",Pajak Sirkus/Akrobat/Sulap,2025,,
"41010807",Pajak Permainan Biliar dan Bowling,2025,,
"410108070001",Pajak Permainan Biliar dan Bowling,2025,,
"41010808","Pajak Pacuan Kuda, Kendaraan Bermotor, dan Permainan Ketangkasan",2025,,
"410108080001","Pajak Pacuan Kuda, Kendaraan Bermotor, dan Permainan Ketangkasan",2025,,
"41010809","Pajak Panti Pijat, Refleksi, Mandi Uap/Spa dan Pusat Kebugaran (Fitness Center)",2025,,
"410108090001","Pajak Panti Pijat, Refleksi, Mandi Uap/Spa dan Pusat Kebugaran (Fitness Center)",2025,,
"41010810",Pajak Pertandingan Olahraga,2025,,
"410108100001",Pajak Pertandingan Olahraga,2025,,
"410109",Pajak Reklame,2025,,
"41010901",Pajak Reklame Papan/Billboard/Videotron/ Megatron,2025,,
"410109010001",Pajak Reklame Papan/Billboard/Videotron/ Megatron,2025,,
"41010902",Pajak Reklame Kain,2025,,
"410109020001",Pajak Reklame Kain,2025,,
"41010903",Pajak Reklame Melekat/Stiker,2025,,
"410109030001",Pajak Reklame Melekat/Stiker,2025,,
"41010904",Pajak Reklame Selebaran,2025,,
"410109040001",Pajak Reklame Selebaran,2025,,
"41010905",Pajak Reklame Berjalan,2025,,
"410109050001",Pajak Reklame Berjalan,2025,,
"41010906",Pajak Reklame Udara,2025,,
"410109060001",Pajak Reklame Udara,2025,,
"41010907",Pajak Reklame Apung,2025,,
"410109070001",Pajak Reklame Apung,2025,,
"41010908",Pajak Reklame Suara,2025,,
"410109080001",Pajak Reklame Suara,2025,,
"41010909",Pajak Reklame Film/Slide,2025,,
"410109090001",Pajak Reklame Film/Slide,2025,,
"41010910",Pajak Reklame Peragaan,2025,,
"410109100001",Pajak Reklame Peragaan,2025,,
"410110",Pajak Penerangan Jalan,2025,,
"41011001",Pajak Penerangan Jalan Dihasilkan Sendiri,2025,,
"410110010001",Pajak Penerangan Jalan Dihasilkan Sendiri,2025,,
"41011002",Pajak Penerangan Jalan Sumber Lain,2025,,
"410110020001",Pajak Penerangan Jalan Sumber Lain,2025,,
"410111",Pajak Parkir,2025,,
"41011101",Pajak Parkir,2025,,
"410111010001",Pajak Parkir,2025,,
"410112",Pajak Air Tanah,2025,,
"41011201",Pajak Air Tanah,2025,,
"410112010001",Pajak Air Tanah,2025,,
"410113",Pajak Sarang Burung Walet,2025,,
"41011301",Pajak Sarang Burung Walet,2025,,
"410113010001",Pajak Sarang Burung Walet,2025,,
"410114",Pajak Mineral Bukan Logam dan Batuan,2025,,
"41011401",Pajak Asbes,2025,,
"410114010001",Pajak Asbes,2025,,
"41011402",Pajak Batu Tulis,2025,,
"410114020001",Pajak Batu Tulis,2025,,
"41011403",Pajak Batu Setengah Permata,2025,,
"410114030001",Pajak Batu Setengah Permata,2025,,
"41011404",Pajak Batu Kapur,2025,,
"410114040001",Pajak Batu Kapur,2025,,
"41011405",Pajak Batu Apung,2025,,
"410114050001",Pajak Batu Apung,2025,,
"41011406",Pajak Batu Permata,2025,,
"410114060001",Pajak Batu Permata,2025,,
"41011407",Pajak Bentonit,2025,,
"410114070001",Pajak Bentonit,2025,,
"41011408",Pajak Dolomit,2025,,
"410114080001",Pajak Dolomit,2025,,
"41011409",Pajak Felspar,2025,,
"410114090001",Pajak Felspar,2025,,
"41011410",Pajak Garam Batu (Halite),2025,,
"410114100001",Pajak Garam Batu (Halite),2025,,
"41011411",Pajak Grafit,2025,,
"410114110001",Pajak Grafit,2025,,
"41011412",Pajak Granit/Andesit,2025,,
"410114120001",Pajak Granit/Andesit,2025,,
"41011413",Pajak Gips,2025,,
"410114130001",Pajak Gips,2025,,
"41011414",Pajak Kalsit,2025,,
"410114140001",Pajak Kalsit,2025,,
"41011415",Pajak Kaolin,2025,,
"410114150001",Pajak Kaolin,2025,,
"41011416",Pajak Leusit,2025,,
"410114160001",Pajak Leusit,2025,,
"41011417",Pajak Magnesit,2025,,
"410114170001",Pajak Magnesit,2025,,
"41011418",Pajak Mika,2025,,
"410114180001",Pajak Mika,2025,,
"41011419",Pajak Marmer,2025,,
"410114190001",Pajak Marmer,2025,,
"41011420",Pajak Nitrat,2025,,
"410114200001",Pajak Nitrat,2025,,
"41011421",Pajak Opsidien,2025,,
"410114210001",Pajak Opsidien,2025,,
"41011422",Pajak Oker,2025,,
"410114220001",Pajak Oker,2025,,
"41011423",Pajak Pasir dan Kerikil,2025,,
"410114230001",Pajak Pasir dan Kerikil,2025,,
"41011424",Pajak Pasir Kuarsa,2025,,
"410114240001",Pajak Pasir Kuarsa,2025,,
"41011425",Pajak Perlit,2025,,
"410114250001",Pajak Perlit,2025,,
"41011426",Pajak Phospat,2025,,
"410114260001",Pajak Phospat,2025,,
"41011427",Pajak Talk,2025,,
"410114270001",Pajak Talk,2025,,
"41011428",Pajak Tanah Serap (Fullers Earth),2025,,
"410114280001",Pajak Tanah Serap (Fullers Earth),2025,,
"41011429",Pajak Tanah Diatome,2025,,
"410114290001",Pajak Tanah Diatome,2025,,
"41011430",Pajak Tanah Liat,2025,,
"410114300001",Pajak Tanah Liat,2025,,
"41011431",Pajak Tawas (Alum),2025,,
"410114310001",Pajak Tawas (Alum),2025,,
"41011432",Pajak Tras,2025,,
"410114320001",Pajak Tras,2025,,
"41011433",Pajak Yarosif,2025,,
"410114330001",Pajak Yarosif,2025,,
"41011434",Pajak Zeolit,2025,,
"410114340001",Pajak Zeolit,2025,,
"41011435",Pajak Basal,2025,,
"410114350001",Pajak Basal,2025,,
"41011436",Pajak Trakit,2025,,
"410114360001",Pajak Trakit,2025,,
"41011437",Pajak Mineral bukan Logam dan Batuan Lainnya,2025,,
"410114370001",Pajak Mineral bukan Logam dan Batuan Lainnya,2025,,
"410115",Pajak Bumi dan Bangunan Perdesaan dan Perkotaan (PBBP2),2025,,
"41011501",PBBP2,2025,,
"410115010001",PBBP2,2025,,
"410116",Bea Perolehan Hak Atas Tanah dan Bangunan (BPHTB),2025,,
"41011601",BPHTB-Pemindahan Hak,2025,,
"410116010001",BPHTB-Pemindahan Hak,2025,,
"41011602",BPHTB-Pemberian Hak Baru,2025,,
"410116020001",BPHTB-Pemberian Hak Baru,2025,,
"4102",Retribusi Daerah,2025,,
"410201",Retribusi Jasa Umum,2025,RJM,"101"
"41020101",Retribusi Pelayanan Kesehatan,2025,,
"410201010001",Retribusi Pelayanan Kesehatan di Puskesmas,2025,,
"410201010002",Retribusi Pelayanan Kesehatan di Puskesmas Keliling,2025,,
"410201010003",Retribusi Pelayanan Kesehatan di Puskesmas Pembantu,2025,,
"410201010004",Retribusi Pelayanan Kesehatan di Balai Pengobatan,2025,,
"410201010005",Retribusi Pelayanan Kesehatan di Rumah Sakit Umum Daerah,2025,,
"410201010006",Retribusi Pelayanan Kesehatan di Tempat Pelayanan Kesehatan Lainnya yang Sejenis,2025,,
"41020102",Retribusi Pelayanan Persampahan/ Kebersihan,2025,,
"410201020001",Retribusi Pelayanan Persampahan/ Kebersihan,2025,,
"41020103",Retribusi Pelayanan Pemakaman dan Pengabuan Mayat,2025,,
"410201030001",Retribusi Pelayanan Penguburan/Pemakaman termasuk Penggalian dan Pengurukan serta Pembakaran/Pengabuan Mayat,2025,,
"410201030002",Retribusi Sewa Tempat Pemakaman atau Pembakaran/Pengabuan Mayat,2025,,
"41020104",Retribusi Pelayanan Parkir di Tepi Jalan Umum,2025,,
"410201040001",Retribusi Penyediaan Pelayanan Parkir di Tepi Jalan Umum,2025,,
"41020105",Retribusi Pelayanan Pasar,2025,,
"410201050001",Retribusi Pelataran,2025,,
"410201050002",Retribusi Los,2025,,
"410201050003",Retribusi Kios,2025,,
"41020106",Retribusi Pengujian Kendaraan Bermotor,2025,,
"410201060001",Retribusi Pengujian Kendaraan Bermotor,2025,,
"41020107",Retribusi Pemeriksaan Alat Pemadam Kebakaran,2025,,
"410201070001",Retribusi Pelayanan Pemeriksaan dan/atau Pengujian Alat Pemadam Kebakaran,2025,,
"410201070002",Retribusi Pelayanan Pemeriksaan dan/atau Pengujian Alat Penanggulangan Kebakaran,2025,,
"410201070003",Retribusi Pelayanan Pemeriksaan dan/atau Pengujian Alat Penyelamatan Jiwa,2025,,
"41020108",Retribusi Penggantian Biaya Cetak Peta,2025,,
"410201080001",Retribusi Penyediaan Peta Dasar (Garis),2025,,
"410201080002",Retribusi Penyediaan Peta Foto,2025,,
"410201080003",Retribusi Penyediaan Peta Digital,2025,,
"410201080004",Retribusi Penyediaan Peta Tematik,2025,,
"410201080005",Retribusi Penyediaan Peta Teknis (Struktur),2025,,
"41020109",Retribusi Penyediaan dan/atau Penyedotan Kakus,2025,,
"410201090001",Retribusi Penyediaan dan/atau Penyedotan Kakus,2025,,
"41020110",Retribusi Pengolahan Limbah Cair,2025,,
"410201100001",Retribusi Rumah Tangga,2025,,
"410201100002",Retribusi Perkantoran,2025,,
"410201100003",Retribusi Industri,2025,,
"41020111",Retribusi Pelayanan Tera/Tera Ulang,2025,,
"410201110001","Retribusi Pelayanan Pengujian Alat-AlatUkur, Takar, Timbang, dan Perlengkapannya",2025,,
"410201110002",Retribusi Pengujian Barang dalam Keadaan Terbungkus,2025,,
"41020112",Retribusi Pelayanan Pendidikan,2025,,
"410201120001",Retribusi Pelayanan Penyelenggaraan Pendidikan Teknis,2025,,
"410201120002",Retribusi Pelayanan Penyelenggaraan Pelatihan Teknis,2025,,
"410201120003",Retribusi Pelayanan Penyelenggaraan Pendidikan dan Pelatihan Teknis,2025,,
"41020113",Retribusi Pengawasan dan Pengendalian Menara Telekomunikasi,2025,,
"410201130001",Retribusi Pengawasan dan Pengendalian Menara Telekomunikasi,2025,,
"410202",Retribusi Jasa Usaha,2025,RJU,"100"
"41020201",Retribusi Pemakaian Kekayaan Daerah,2025,,
"410202010001",Retribusi Penyewaan Tanah dan Bangunan,2025,,
"410202010002",Retribusi Penyewaan Tanah,2025,,
"410202010003",Retribusi Penyewaan Bangunan,2025,,
"410202010004",Retribusi Pemakaian Laboratorium,2025,,
"410202010005",Retribusi Pemakaian Ruangan,2025,,
"410202010006",Retribusi Pemakaian Kendaraan Bermotor,2025,,
"410202010007",Retribusi Pemakaian Alat,2025,,
"41020202",Retribusi Pasar Grosir dan/atau Pertokoan,2025,,
"410202020001",Retribusi Penyediaan Fasilitas Pasar Grosir Berbagai Jenis Barang yang Dikontrakkan,2025,,
"410202020002",Retribusi Penyediaan Fasilitas Pasar/Pertokoan yang Dikontrakkan,2025,,
"41020203",Retribusi Tempat Pelelangan,2025,,
"410202030001",Retribusi Penyediaan Tempat Pelelangan,2025,,
"410202030002",Retribusi Penyediaan Fasilitas Lainnya di Tempat Pelelangan,2025,,
"41020204",Retribusi Terminal,2025,,
"410202040001",Retribusi Pelayanan Penyediaan Tempat Parkir untuk Kendaraan Penumpang dan Bus Umum,2025,,
"410202040002",Retribusi Pelayanan Penyediaan Tempat Kegiatan Usaha,2025,,
"410202040003",Retribusi Pelayanan Penyediaan Fasilitas Lainnya di Lingkungan Terminal,2025,,
"41020205",Retribusi Tempat Khusus Parkir,2025,,
"410202050001",Retribusi Pelayanan Tempat Khusus Parkir,2025,,
"41020206",Retribusi Tempat Penginapan/ Pesanggrahan/Vila,2025,,
"410202060001",Retribusi Pelayanan Tempat Penginapan/ Pesanggrahan/Vila,2025,,
"41020207",Retribusi Rumah Potong Hewan,2025,,
"410202070001",Retribusi Pelayanan Rumah Potong Hewan,2025,,
"41020208",Retribusi Pelayanan Kepelabuhanan,2025,,
"410202080001",Retribusi Pelayanan Kepelabuhanan,2025,,
"41020209",Retribusi Tempat Rekreasi dan Olahraga,2025,,
"410202090001",Retribusi Pelayanan Tempat Rekreasi dan Olahraga,2025,,
"41020210",Retribusi Penyeberangan di Air,2025,,
"410202100001",Retribusi Pelayanan Penyeberangan Orang,2025,,
"410202100002",Retribusi Pelayanan Penyeberangan Barang,2025,,
"41020211",Retribusi Penjualan Produksi Usaha Daerah,2025,,
"410202110001",Retribusi Penjualan Produksi Hasil Usaha Daerah berupa Bibit atau Benih Tanaman,2025,,
"410202110002",Retribusi Penjualan Produksi hasil Usaha Daerah berupa Bibit Ternak,2025,,
"410202110003",Retribusi Penjualan Produksi hasil Usaha Daerah berupa Bibit atau Benih Ikan,2025,,
"410202110004","Retribusi Penjualan Produksi hasil Usaha Daerah selain Bibit atau Benih Tanaman, Ternak, dan Ikan",2025,,
"410202140001",,2025,,
"410202160001",,2025,,
"410202170001",,2025,,
"410202180001",,2025,,
"410202190001",,2025,,
"410202200001",,2025,,
"410203",Retribusi Perizinan Tertentu,2025,RPT,"102"
"41020301",Retribusi Izin Mendirikan Bangunan,2025,,
"410203010001",Retribusi Pemberian Izin Mendirikan Bangunan,2025,,
"41020302",Retribusi Izin Tempat Penjualan Minuman Beralkohol,2025,,
"410203020001",Retribusi Pemberian Izin Tempat Penjualan Minuman Beralkohol,2025,,
"41020303",Retribusi Izin Trayek untuk Menyediakan Pelayanan Angkutan Umum,2025,,
"410203030001",Retribusi Izin Trayek untuk Menyediakan Pelayanan Angkutan Umum,2025,,
"41020304",Retribusi Izin Usaha Perikanan,2025,,
"410203040001",Retribusi Pemberian Izin Kegiatan Usaha Penangkapan Ikan,2025,,
"410203040002",Retribusi Pemberian Izin Kegiatan Usaha Pembudidayaan Ikan,2025,,
"41020305",Retribusi Pengendalian Lalu Lintas,2025,,
"410203050001",Retribusi Pengendalian Lalu Lintas Penggunaan Ruas Jalan Tertentu,2025,,
"410203050002",Retribusi Pengendalian Lalu Lintas Penggunaan Koridor Tertentu,2025,,
"410203050003",Retribusi Pengendalian Lalu Lintas Penggunaan Kawasan Tertentu,2025,,
"41020306",Retribusi Perpanjangan Izin Mempekerjakan Tenaga Kerja Asing (IMTA),2025,,
"410203060001",Retribusi Pemberian Perpanjangan IMTA kepada Pemberi Kerja Tenaga Kerja Asing,2025,,
"410203080001",,2025,,
"4103",Hasil Pengelolaan Kekayaan Daerah yang Dipisahkan,2025,,
"410301",Bagian Laba yang Dibagikan kepada Pemerintah Daerah (Dividen) atas Penyertaan Modal pada BUMN,2025,LPMP,"501"
"41030101",Bagian Laba yang Dibagikan kepada Pemerintah Daerah (Dividen) atas Penyertaan Modal pada BUMN,2025,,
"410301010001",Bagian Laba yang Dibagikan kepada Pemerintah Daerah (Dividen) atas Penyertaan Modal pada BUMN,2025,,
"410302",Bagian Laba yang Dibagikan kepada Pemerintah Daerah (Dividen) atas Penyertaan Modal pada BUMD,2025,LPMD,"500"
"41030201",Bagian Laba yang Dibagikan kepada Pemerintah Daerah (Dividen) atas Penyertaan Modal pada BUMD (Lembaga Keuangan),2025,,
"410302010001",Bagian Laba yang Dibagikan kepada Pemerintah Daerah (Dividen) atas Penyertaan Modal pada BUMD (Lembaga Keuangan),2025,,
"41030202",Bagian Laba yang Dibagikan kepada Pemerintah Daerah (Dividen) atas Penyertaan Modal pada BUMD (Aneka Usaha),2025,,
"410302020001",Bagian Laba yang Dibagikan kepada Pemerintah Daerah (Dividen) atas Penyertaan Modal pada BUMD (Aneka Usaha),2025,,
"41030203",Bagian Laba yang Dibagikan kepada Pemerintah Daerah (Dividen) atas Penyertaan Modal pada BUMD (Bidang Air Minum),2025,,
"410302030001",Bagian Laba yang Dibagikan kepada Pemerintah Daerah (Dividen) atas Penyertaan Modal pada Perusahaan Milik Daerah/BUMD (Bidang Air Minum),2025,,
"41030204",Bagian Laba yang Dibagikan kepada Pemerintah Daerah (Dividen) atas Penyertaan Modal pada BUMD (Bidang Limbah),2025,,
"410302040001",Bagian Laba yang Dibagikan kepada Pemerintah Daerah (Dividen) atas Penyertaan Modal pada BUMD (Bidang Limbah),2025,,
"41030205",Bagian Laba yang Dibagikan kepada Pemerintah Daerah (Dividen) atas Penyertaan Modal pada BUMD (Bidang Sanitasi),2025,,
"410302050001",Bagian Laba yang Dibagikan kepada Pemerintah Daerah (Dividen) atas Penyertaan Modal pada BUMD (Bidang Sanitasi),2025,,
"410303",Bagian Laba yang dibagikan kepada Pemerintah Daerah (Dividen) atas Penyertaan Modal pada Perusahaan Milik Swasta,2025,LPMS,"502"
"41030301",Bagian Laba yang Dibagikan kepada Pemerintah Daerah (Dividen) atas Penyertaan Modal pada Perusahaan Milik Swasta,2025,,
"410303010001",Bagian Laba yang Dibagikan kepada Pemerintah Daerah (Dividen) atas Penyertaan Modal pada Perusahaan Milik Swasta,2025,,
"4104",Lain-lain PAD yang Sah,2025,,
"410401",Hasil Penjualan BMD yang Tidak Dipisahkan,2025,PADD,"503"
"41040101",Hasil Penjualan Tanah,2025,,
"410401010001",Hasil Penjualan Tanah,2025,,
"410401010002",,2025,,
"41040102",Hasil Penjualan Peralatan dan Mesin,2025,,
"410401020001",Hasil Penjualan Alat Besar,2025,,
"410401020002",Hasil Penjualan Alat Angkutan,2025,,
"410401020003",Hasil Penjualan Alat Bengkel dan Alat Ukur,2025,,
"410401020004",Hasil Penjualan Alat Pertanian,2025,,
"410401020005",Hasil Penjualan Alat Kantor dan Rumah Tangga,2025,,
"410401020006","Hasil Penjualan Alat Studio, Komunikasi, dan Pemancar",2025,,
"410401020007",Hasil Penjualan Alat Kedokteran dan Kesehatan,2025,,
"410401020008",Hasil Penjualan Alat Laboratorium,2025,,
"410401020010",Hasil Penjualan Komputer,2025,,
"410401020011",Hasil Penjualan Alat Eksplorasi,2025,,
"410401020012",Hasil Penjualan Alat Pengeboran,2025,,
"410401020013","Hasil Penjualan Alat Produksi, Pengolahan, dan Pemurnian",2025,,
"410401020014",Hasil Penjualan Alat Bantu Eksplorasi,2025,,
"410401020015",Hasil Penjualan Alat Keselamatan Kerja,2025,,
"410401020016",Hasil Penjualan Alat Peraga,2025,,
"410401020017",Hasil Penjualan Peralatan Proses/Produksi,2025,,
"410401020018",Hasil Penjualan Rambu-rambu,2025,,
"410401020019",Hasil Penjualan Peralatan Olahraga,2025,,
"410401020055",,2025,,
"41040103",Hasil Penjualan Gedung dan Bangunan,2025,,
"410401030001",Hasil Penjualan Bangunan Gedung,2025,,
"410401030002",Hasil Penjualan Monumen,2025,,
"410401030003",Hasil Penjualan Bangunan Menara,2025,,
"410401030004",Hasil Penjualan Tugu Titik Kontrol/Pasti,2025,,
"410401030005",,2025,,
"41040104","Hasil Penjualan Jalan, Jaringan, dan Irigasi",2025,,
"410401040001",Hasil Penjualan Jalan dan Jembatan,2025,,
"410401040002",Hasil Penjualan Bangunan Air,2025,,
"410401040003",Hasil Penjualan Instalasi,2025,,
"410401040004",Hasil Penjualan Jaringan,2025,,
"410401040035",,2025,,
"41040105",Hasil Penjualan Aset Tetap Lainnya,2025,,
"410401050001",Hasil Penjualan Bahan Perpustakaan,2025,,
"410401050002",Hasil Penjualan Barang Bercorak Kesenian/Kebudayaan/Olahraga,2025,,
"410401050003",Hasil Penjualan Hewan,2025,,
"410401050004",Hasil Penjualan Biota Perairan,2025,,
"410401050005",Hasil Penjualan Tanaman,2025,,
"410401050006",Hasil Penjualan Barang Koleksi Non Budaya,2025,,
"410401050007",Hasil Penjualan Aset Tetap Dalam Renovasi,2025,,
"41040106",Hasil Penjualan Aset Lainnya,2025,,
"410401060001",Hasil Penjualan Aset Lainnya-Aset Tidak Berwujud,2025,,
"410401060002",Hasil Penjualan Aset Lainnya-Aset Lain-Lain,2025,,
"410402",Hasil Selisih Lebih Tukar Menukar BMD yang Tidak Dipisahkan,2025,HSLT,"517"
"41040201",Hasil Selisih Lebih Tukar Menukar Tanah,2025,,
"410402010001",Hasil Selisih Lebih Tukar Menukar Tanah,2025,,
"41040202",Hasil Selisih Lebih Tukar Menukar Peralatan dan Mesin,2025,,
"410402020001",Hasil Selisih Lebih Tukar Menukar Alat Besar,2025,,
"410402020002",Hasil Selisih Lebih Tukar Menukar Alat Angkutan,2025,,
"410402020003",Hasil Selisih Lebih Tukar Menukar Alat Bengkel dan Alat Ukur,2025,,
"410402020004",Hasil Selisih Lebih Tukar Menukar Alat Pertanian,2025,,
"410402020005",Hasil Selisih Lebih Tukar Menukar Alat Kantor dan Rumah Tangga,2025,,
"410402020006","Hasil Selisih Lebih Tukar Menukar Alat Studio, Komunikasi, dan Pemancar",2025,,
"410402020007",Hasil Selisih Lebih Tukar Menukar Alat Kedokteran dan Kesehatan,2025,,
"410402020008",Hasil Selisih Lebih Tukar Menukar Alat Laboratorium,2025,,
"410402020010",Hasil Selisih Lebih Tukar Menukar Komputer,2025,,
"410402020011",Hasil Selisih Lebih Tukar Menukar Alat Eksplorasi,2025,,
"410402020012",Hasil Selisih Lebih Tukar Menukar Alat Pengeboran,2025,,
"410402020013","Hasil Selisih Lebih Tukar Menukar Alat Produksi, Pengolahan, dan Pemurnian",2025,,
"410402020014",Hasil Selisih Lebih Tukar Menukar Alat Bantu Eksplorasi,2025,,
"410402020015",Hasil Selisih Lebih Tukar Menukar Alat Keselamatan Kerja,2025,,
"410402020016",Hasil Selisih Lebih Tukar Menukar Alat Peraga,2025,,
"410402020017",Hasil Selisih Lebih Tukar Menukar Peralatan Proses/Produksi,2025,,
"410402020018",Hasil Selisih Lebih Tukar Menukar Rambu- Rambu,2025,,
"410402020019",Hasil Selisih Lebih Tukar Menukar Peralatan Olahraga,2025,,
"41040203",Hasil Selisih Lebih Tukar Menukar Gedung dan Bangunan,2025,,
"410402030001",Hasil Selisih Lebih Tukar Menukar Bangunan Gedung,2025,,
"410402030002",Hasil Selisih Lebih Tukar Menukar Monumen,2025,,
"410402030003",Hasil Selisih Lebih Tukar Menukar Bangunan Menara,2025,,
"410402030004",Hasil Selisih Lebih Tukar Menukar Tugu Titik Kontrol/Pasti,2025,,
"41040204","Hasil Selisih Lebih Tukar Menukar Jalan, Jaringan, dan Irigasi",2025,,
"410402040001",Hasil Selisih Lebih Tukar Menukar Jalan dan Jembatan,2025,,
"410402040002",Hasil Selisih Lebih Tukar Menukar Bangunan Air,2025,,
"410402040003",Hasil Selisih Lebih Tukar Menukar Instalasi,2025,,
"410402040004",Hasil Selisih Lebih Tukar Menukar Jaringan,2025,,
"41040205",Hasil Selisih Lebih Tukar Menukar Aset Tetap Lainnya,2025,,
"410402050001",Hasil Selisih Lebih Tukar Menukar Bahan Perpustakaan,2025,,
"410402050002",Hasil Selisih Lebih Tukar Menukar Barang Bercorak Kesenian/Kebudayaan/Olahraga,2025,,
"410402050003",Hasil Selisih Lebih Tukar Menukar Hewan,2025,,
"410402050004",Hasil Selisih Lebih Tukar Menukar Biota Perairan,2025,,
"410402050005",Hasil Selisih Lebih Tukar Menukar Tanaman,2025,,
"410402050006",Hasil Selisih Lebih Tukar Menukar Barang Koleksi Non Budaya,2025,,
"410402050007",Hasil Selisih Lebih Tukar Menukar Aset Tetap Dalam Renovasi,2025,,
"41040206",Hasil Selisih Lebih Tukar Menukar Aset Lainnya,2025,,
"410402060001",Hasil Selisih Lebih Tukar Menukar Aset Lainnya-Aset Tidak Berwujud,2025,,
"410402060002",Hasil Selisih Lebih Tukar Menukar Aset Lainnya-Aset Lain-Lain,2025,,
"410403",Hasil Pemanfaatan BMD yang Tidak Dipisahkan,2025,HBMD,"518"
"41040301",Hasil Sewa BMD,2025,,
"410403010001",Hasil Sewa BMD,2025,,
"41040302",Hasil Kerja Sama Pemanfaatan BMD,2025,,
"410403020001",Hasil Kerja Sama Pemanfaatan BMD,2025,,
"41040303",Hasil dari Bangun Guna Serah,2025,,
"410403030001",Hasil dari Bangun Guna Serah,2025,,
"41040304",Hasil dari Bangun Serah Guna,2025,,
"410403040001",Hasil dari Bangun Serah Guna,2025,,
"41040305",Hasil dari Kerja Sama Penyediaan Infrastruktur,2025,,
"410403050001",Hasil dari Kerja Sama Penyediaan Infrastruktur,2025,,
"410404",Hasil Kerja Sama Daerah,2025,HKSD,"520"
"41040401",Hasil Kerja Sama Daerah,2025,,
"410404010001",Hasil Kerja Sama Daerah,2025,,
"410405",Jasa Giro,2025,JG,"504"
"41040501",Jasa Giro pada Kas Daerah,2025,,
"410405010001",Jasa Giro pada Kas Daerah,2025,,
"41040502",Jasa Giro pada Kas di Bendahara,2025,,
"410405020001",Jasa Giro pada Kas di Bendahara,2025,,
"41040503",Jasa Giro pada Rekening Dana Cadangan,2025,,
"410405030001",Jasa Giro pada Rekening Dana Cadangan,2025,,
"41040504",Jasa Giro pada Rekening Dana BOS,2025,,
"410405040001",Jasa Giro pada Rekening Dana BOS,2025,,
"41040505",Jasa Giro Dana Kapitasi pada FKTP,2025,,
"410405050001",Jasa Giro Dana Kapitasi pada FKTP,2025,,
"410405060001",,2025,,
"410406",Hasil Pengelolaan Dana Bergulir,2025,HPDP,"513"
"41040601",Hasil Pengelolaan Dana Bergulir,2025,,
"410406010001",Hasil Pengelolaan Dana Bergulir,2025,,
"410407",Pendapatan Bunga,2025,PB,"505"
"41040701",Pendapatan Bunga atas Penempatan Uang Pemerintah Daerah,2025,,
"410407010001",Pendapatan Bunga atas Penempatan Uang Pemerintah Daerah,2025,,
"410408",Penerimaan atas Tuntutan Ganti Kerugian Keuangan Daerah,2025,TGR,"506"
"41040801",Tuntutan Ganti Kerugian Daerah terhadap Bendahara,2025,,
"410408010001",Tuntutan Ganti Kerugian Daerah terhadap Bendahara,2025,,
"41040802",Tuntutan Ganti Kerugian Daerah terhadap Pegawai Negeri Bukan Bendahara atau Pejabat Lain,2025,,
"410408020001",Tuntutan Ganti Kerugian Daerah terhadap Pegawai Negeri Bukan Bendahara atau Pejabat Lain,2025,,
"410409","Penerimaan Komisi, Potongan, atau Bentuk Lain",2025,PKPB,"522"
"41040901","Penerimaan Komisi, Potongan, atau Bentuk Lain",2025,,
"410409010001","Penerimaan Komisi, Potongan, atau Bentuk Lain",2025,,
"410410",Penerimaan Keuntungan dari Selisih Nilai Tukar Rupiah terhadap Mata Uang Asing,2025,KPK,"507"
"41041001",Penerimaan Keuntungan dari Selisih Nilai Tukar Rupiah terhadap Mata Uang Asing,2025,,
"410410010001",Penerimaan Keuntungan dari Selisih Nilai Tukar Rupiah terhadap Mata Uang Asing,2025,,
"410411",Pendapatan Denda atas Keterlambatan Pelaksanaan Pekerjaan,2025,PDK,"508"
"41041101",Pendapatan Denda atas Keterlambatan Pelaksanaan Pekerjaan,2025,,
"410411010001",Pendapatan Denda atas Keterlambatan Pelaksanaan Pekerjaan,2025,,
"410412",Pendapatan Denda Pajak Daerah,2025,PDP,"200"
"41041201",Pendapatan Denda Pajak Kendaraan Bermotor (PKB),2025,,
"410412010001",Pendapatan Denda PKB-Mobil Penumpang- Sedan,2025,,
"410412010002",Pendapatan Denda PKB-Mobil Penumpang- Jeep,2025,,
"410412010003",Pendapatan Denda PKB-Mobil Penumpang- Minibus,2025,,
"410412010004",Pendapatan Denda PKB-Mobil Bus-Microbus,2025,,
"410412010005",Pendapatan Denda PKB-Mobil Bus-Bus,2025,,
"410412010006",Pendapatan Denda PKB-Mobil Barang/Beban-Pick Up,2025,,
"410412010007",Pendapatan Denda PKB-Mobil Barang/Beban-Light Truck,2025,,
"410412010008",Pendapatan Denda PKB-Mobil Barang/Beban-Truck,2025,,
"410412010009",Pendapatan Denda PKB-Mobil Barang/Beban-Blind Van,2025,,
"410412010010",Pendapatan Denda PKB-Sepeda Motor- Sepeda Motor Roda Dua,2025,,
"410412010011",Pendapatan Denda PKB-Sepeda Motor-Sepeda Motor Roda Tiga,2025,,
"410412010012",Pendapatan Denda PKB-Kendaraan Bermotor yang Dioperasikan di Air,2025,,
"410412010013",Pendapatan Denda PKB-Kendaraan Khusus Alat Berat/Alat Besar,2025,,
"410412010014",Pendapatan Denda PKB-Mobil Roda Tiga,2025,,
"41041202",Pendapatan Denda Bea Balik Nama Kendaraan Bermotor (BBNKB),2025,,
"410412020001",Pendapatan Denda BBNKB-Mobil Penumpang-Sedan,2025,,
"410412020002",Pendapatan Denda BBNKB-Mobil Penumpang-Jeep,2025,,
"410412020003",Pendapatan Denda BBNKB-Mobil Penumpang-Minibus,2025,,
"410412020004",Pendapatan Denda BBNKB-Mobil Bus- Microbus,2025,,
"410412020005",Pendapatan Denda BBNKB-Mobil Bus-Bus,2025,,
"410412020006",Pendapatan Denda BBNKB-Mobil Barang/Beban-Pick Up,2025,,
"410412020007",Pendapatan Denda BBNKB-Mobil Barang/Beban-Light Truck,2025,,
"410412020008",Pendapatan Denda BBNKB-Mobil Barang/Beban-Truck,2025,,
"410412020009",Pendapatan Denda BBNKB-Mobil Barang/Beban-Blind Van,2025,,
"410412020010",Pendapatan Denda BBNKB-Sepeda Motor- Sepeda Motor Roda Dua,2025,,
"410412020011",Pendapatan Denda BBNKB-Sepeda Motor- Sepeda Motor Roda Tiga,2025,,
"410412020012",Pendapatan Denda BBNKB-Kendaraan Motor yang Dioperasikan di Air,2025,,
"410412020013",Pendapatan Denda BBNKB-Kendaraan Khusus Alat Berat,2025,,
"410412020014",Pendapatan Denda BBNKB-Mobil Roda Tiga,2025,,
"41041203",Pendapatan Denda Pajak Bahan Bakar Kendaraan Bermotor (PBBKB),2025,,
"410412030001",Pendapatan Denda PPBKB-Bahan Bakar Bensin,2025,,
"410412030002",Pendapatan Denda PPBKB-Bahan Bakar Solar,2025,,
"410412030003",Pendapatan Denda PPBKB-Bahan Bakar Gas,2025,,
"410412030004",Pendapatan Denda PPBKB-Bahan Bakar Lainnya,2025,,
"41041204",Pendapatan Denda Pajak Air Permukaan,2025,,
"410412040001",Pendapatan Denda Pajak Air Permukaan,2025,,
"41041205",Pendapatan Denda Pajak Rokok,2025,,
"410412050001",Pendapatan Denda Pajak Rokok,2025,,
"41041206",Pendapatan Denda Pajak Hotel,2025,,
"410412060001",Pendapatan Denda Pajak Hotel,2025,,
"410412060002",Pendapatan Denda Pajak Motel,2025,,
"410412060003",Pendapatan Denda Pajak Losmen,2025,,
"410412060004",Pendapatan Denda Pajak Gubuk Pariwisata,2025,,
"410412060005",Pendapatan Denda Pajak Wisma Pariwisata,2025,,
"410412060006",Pendapatan Denda Pajak Pesanggrahan,2025,,
"410412060007",Pendapatan Denda Pajak Rumah Penginapan dan Sejenisnya,2025,,
"410412060008",Pendapatan Denda Pajak Rumah Kos dengan Jumlah Kamar Lebih dari 10 (Sepuluh),2025,,
"41041207",Pendapatan Denda Pajak Restoran,2025,,
"410412070001",Pendapatan Denda Pajak Restoran dan Sejenisnya,2025,,
"410412070002",Pendapatan Denda Pajak Rumah Makan dan Sejenisnya,2025,,
"410412070003",Pendapatan Denda Pajak Kafetaria dan Sejenisnya,2025,,
"410412070004",Pendapatan Denda Pajak Kantin dan Sejenisnya,2025,,
"410412070005",Pendapatan Denda Pajak Warung dan Sejenisnya,2025,,
"410412070006",Pendapatan Denda Pajak Bar dan Sejenisnya,2025,,
"410412070007",Pendapatan Jasa Boga/Katering dan Sejenisnya,2025,,
"41041208",Pendapatan Denda Pajak Hiburan,2025,,
"410412080001",Pendapatan Denda Pajak Tontonan Film,2025,,
"410412080002",Pendapatan Denda Pajak Pagelaran Kesenian/Musik/Tari/Busana,2025,,
"410412080003","Pendapatan Denda Pajak Kontes Kecantikan, Binaraga, dan Sejenisnya",2025,,
"410412080004",Pendapatan Denda Pajak Pameran,2025,,
"410412080005","Pendapatan Denda Pajak Diskotik, Karaoke, Klub Malam, dan Sejenisnya",2025,,
"410412080006",Pendapatan Denda Pajak Sirkus/Akrobat/ Sulap,2025,,
"410412080007",Pendapatan Denda Pajak Permainan Biliar dan Bowling,2025,,
"410412080008","Pendapatan Denda Pajak Pacuan Kuda, Kendaraan Bermotor, dan Permainan Ketangkasan",2025,,
"410412080009","Pendapatan Denda Pajak Panti Pijat, Refleksi, Mandi Uap/Spa, dan Pusat Kebugaran (Fitness Center)",2025,,
"410412080010",Pendapatan Denda Pajak Pertandingan Olahraga,2025,,
"41041209",Pendapatan Denda Pajak Reklame,2025,,
"410412090001",Pendapatan Denda Pajak Reklame Papan/ Billboard/Videotron/Megatron,2025,,
"410412090002",Pendapatan Denda Pajak Reklame Kain,2025,,
"410412090003",Pendapatan Denda Pajak Reklame Melekat/Stiker,2025,,
"410412090004",Pendapatan Denda Pajak Reklame Selebaran,2025,,
"410412090005",Pendapatan Denda Pajak Reklame Berjalan,2025,,
"410412090006",Pendapatan Denda Pajak Reklame Udara,2025,,
"410412090007",Pendapatan Denda Pajak Reklame Apung,2025,,
"410412090008",Pendapatan Denda Pajak Reklame Suara,2025,,
"410412090009",Pendapatan Denda Pajak Reklame Film/Slide,2025,,
"410412090010",Pendapatan Denda Pajak Reklame Peragaan,2025,,
"41041210",Pendapatan Denda Pajak Penerangan Jalan,2025,,
"410412100001",Pendapatan Denda Pajak Penerangan Jalan Dihasilkan Sendiri,2025,,
"410412100002",Pendapatan Denda Pajak Penerangan Jalan Sumber Lain,2025,,
"41041211",Pendapatan Denda Pajak Parkir,2025,,
"410412110001",Pendapatan Denda Pajak Parkir,2025,,
"41041212",Pendapatan Denda Pajak Air Tanah,2025,,
"410412120001",Pendapatan Denda Pajak Air Tanah,2025,,
"41041213",Pendapatan Denda Pajak Sarang Burung Walet,2025,,
"410412130001",Pendapatan Denda Pajak Sarang Burung Walet,2025,,
"41041214",Pendapatan Denda Pajak Mineral Bukan Logam dan Batuan,2025,,
"410412140001",Pendapatan Denda Pajak Asbes,2025,,
"410412140002",Pendapatan Denda Pajak Batu Tulis,2025,,
"410412140003",Pendapatan Denda Pajak Batu Setengah Permata,2025,,
"410412140004",Pendapatan Denda Pajak Batu Kapur,2025,,
"410412140005",Pendapatan Denda Pajak Batu Apung,2025,,
"410412140006",Pendapatan Denda Pajak Batu Permata,2025,,
"410412140007",Pendapatan Denda Pajak Bentonit,2025,,
"410412140008",Pendapatan Denda Pajak Dolomit,2025,,
"410412140009",Pendapatan Denda Pajak Felspar,2025,,
"410412140010",Pendapatan Denda Pajak Garam Batu (Halite),2025,,
"410412140011",Pendapatan Denda Pajak Grafit,2025,,
"410412140012",Pendapatan Denda Pajak Granit/Andesit,2025,,
"410412140013",Pendapatan Denda Pajak Gips,2025,,
"410412140014",Pendapatan Denda Pajak Kalsit,2025,,
"410412140015",Pendapatan Denda Pajak Kaolin,2025,,
"410412140016",Pendapatan Denda Pajak Leusit,2025,,
"410412140017",Pendapatan Denda Pajak Magnesit,2025,,
"410412140018",Pendapatan Denda Pajak Mika,2025,,
"410412140019",Pendapatan Denda Pajak Marmer,2025,,
"410412140020",Pendapatan Denda Pajak Nitrat,2025,,
"410412140021",Pendapatan Denda Pajak Opsidien,2025,,
"410412140022",Pendapatan Denda Pajak Oker,2025,,
"410412140023",Pendapatan Denda Pajak Pasir dan Kerikil,2025,,
"410412140024",Pendapatan Denda Pajak Pasir Kuarsa,2025,,
"410412140025",Pendapatan Denda Pajak Perlit,2025,,
"410412140026",Pendapa`tan Denda Pajak Phospat,2025,,
"410412140027",Pendapatan Denda Pajak Talk,2025,,
"410412140028",Pendapatan Denda Pajak Tanah Serap (Fullers Earth),2025,,
"410412140029",Pendapatan Denda Pajak Tanah Diatome,2025,,
"410412140030",Pendapatan Denda Pajak Tanah Liat,2025,,
"410412140031",Pendapatan Denda Pajak Tawas (Alum),2025,,
"410412140032",Pendapatan Denda Pajak Tras,2025,,
"410412140033",Pendapatan Denda Pajak Yarosif,2025,,
"410412140034",Pendapatan Denda Pajak Zeolit,2025,,
"410412140035",Pendapatan Denda Pajak Basal,2025,,
"410412140036",Pendapatan Denda Pajak Trakit,2025,,
"410412140037",Pendapatan Denda Pajak Mineral Bukan Logam dan Batuan Lainnya,2025,,
"41041215",Pendapatan Denda Pajak Bumi dan Bangunan Perdesaan dan Perkotaan (PBBP2),2025,,
"410412150001",Pendapatan Denda PBBP2,2025,,
"41041216",Pendapatan Denda Bea Perolehan Hak atas Tanah dan Bangunan (BPHTB),2025,,
"410412160001",Pendapatan Denda BPHTB-Pemindahan Hak,2025,,
"410412160002",Pendapatan Denda BPHTB-Pemberian Hak Baru,2025,,
"410413",Pendapatan Denda Retribusi Daerah,2025,PDR,"201"
"41041301",Pendapatan Denda Retribusi Jasa Umum,2025,,
"410413010001",Pendapatan Denda Retribusi Pelayanan Kesehatan,2025,,
"410413010002",Pendapatan Denda Retribusi Pelayanan Persampahan/Kebersihan,2025,,
"410413010003",Pendapatan Denda Retribusi Pelayanan Pemakaman dan Pengabuan Mayat,2025,,
"410413010004",Pendapatan Denda Retribusi Pelayanan Parkir di Tepi Jalan Umum,2025,,
"410413010005",Pendapatan Denda Retribusi Pelayanan Pasar,2025,,
"410413010006",Pendapatan Denda Retribusi Pengujian Kendaraan Bermotor,2025,,
"410413010007",Pendapatan Denda Retribusi Pemeriksaan Alat Pemadam Kebakaran,2025,,
"410413010008",Pendapatan Denda Retribusi Penggantian Biaya Cetak Peta,2025,,
"410413010009",Pendapatan Denda Retribusi Penyediaan dan/atau Penyedotan Kakus,2025,,
"410413010010",Pendapatan Denda Retribusi Pengolahan Limbah Cair,2025,,
"410413010011",Pendapatan Denda Retribusi Pelayanan Tera/Tera Ulang,2025,,
"410413010012",Pendapatan Denda Retribusi Pelayanan Pendidikan,2025,,
"410413010013",Pendapatan Denda Retribusi Pengawasan dan Pengendalian Menara Telekomunikasi,2025,,
"41041302",Pendapatan Denda Retribusi Jasa Usaha,2025,,
"410413020001",Pendapatan Denda Retribusi Pemakaian Kekayaan Daerah,2025,,
"410413020002",Pendapatan Denda Retribusi Pasar Grosir dan/atau Pertokoan,2025,,
"410413020003",Pendapatan Denda Retribusi Tempat Pelelangan,2025,,
"410413020004",Pendapatan Denda Retribusi Terminal,2025,,
"410413020005",Pendapatan Denda Retribusi Tempat Khusus Parkir,2025,,
"410413020006",Pendapatan Denda Retribusi Tempat Penginapan/Pesanggrahan/Vila,2025,,
"410413020007",Pendapatan Denda Retribusi Rumah Potong Hewan,2025,,
"410413020008",Pendapatan Denda Retribusi Pelayanan Kepelabuhanan,2025,,
"410413020009",Pendapatan Denda Retribusi Tempat Rekreasi dan Olahraga,2025,,
"410413020010",Pendapatan Denda Retribusi Pelayanan Penyeberangan Air,2025,,
"410413020011",Pendapatan Denda Retribusi Penjualan Produksi Usaha Daerah,2025,,
"410413020012",,2025,,
"410413020013",,2025,,
"410413020036",,2025,,
"410413020045",,2025,,
"410413020046",,2025,,
"41041303",Pendapatan Denda Retribusi Perizinan Tertentu,2025,,
"410413030001",Pendapatan Denda Retribusi Izin Mendirikan Bangunan,2025,,
"410413030002",Pendapatan Denda Retribusi Izin Tempat Penjualan Minuman Beralkohol,2025,,
"410413030003",Pendapatan Denda Retribusi Izin Trayek untuk Menyediakan Pelayanan Angkutan Umum,2025,,
"410413030004",Pendapatan Denda Retribusi Izin UsahaPerikanan,2025,,
"410413030005",Pendapatan Denda Retribusi Pengendalian Lalu Lintas,2025,,
"410413030006",Pendapatan Denda Retribusi Perpanjangan Izin Mempekerjakan Tenaga Kerja Asing (IMTA),2025,,
"410414",Pendapatan Hasil Eksekusi atas Jaminan,2025,PHE,"509"
"41041401",Hasil Eksekusi atas Jaminan atas Pengadaan Barang/Jasa,2025,,
"410414010001",Hasil Eksekusi atas Jaminan atas Pengadaan Barang/Jasa,2025,,
"410415",Pendapatan dari Pengembalian,2025,PDPG,"510"
"41041501",Pendapatan dari Pengembalian Kelebihan Pembayaran Pajak Penghasilan Pasal 21,2025,,
"410415010001",Pendapatan dari Pengembalian Kelebihan Pembayaran Pajak Penghasilan Pasal 21,2025,,
"41041502",Pendapatan dari Pengembalian Kelebihan Pembayaran Iuran Simpanan Peserta Tabungan Perumahan Rakyat ASN,2025,,
"410415020001",Pendapatan dari Pengembalian Kelebihan Pembayaran Iuran Simpanan Peserta Tabungan Perumahan Rakyat PNS,2025,,
"410415020002",Pendapatan dari Pengembalian Kelebihan Pembayaran Iuran Simpanan Peserta Tabungan Perumahan Rakyat PPPK,2025,,
"41041503",Pendapatan dari Pengembalian Kelebihan Pembayaran Gaji dan Tunjangan,2025,,
"410415030001",Pendapatan dari Pengembalian Kelebihan Pembayaran Gaji dan Tunjangan,2025,,
"41041504",Pendapatan dari Pengembalian Kelebihan Pembayaran Perjalanan Dinas,2025,,
"410415040001",Pendapatan dari Pengembalian Kelebihan Pembayaran Perjalanan Dinas Dalam Negeri- Perjalanan Dinas Biasa,2025,,
"410415040002",Pendapatan dari Pengembalian Kelebihan Pembayaran Perjalanan Dinas Dalam Negeri- Perjalanan Dinas Tetap,2025,,
"410415040003",Pendapatan dari Pengembalian Kelebihan Pembayaran Perjalanan Dinas Dalam Negeri- Perjalanan Dinas Dalam Kota,2025,,
"410415040004",Pendapatan dari Pengembalian Kelebihan Pembayaran Perjalanan Dinas Dalam Negeri- Perjalanan Dinas Paket Meeting Dalam Kota,2025,,
"410415040005",Pendapatan dari Pengembalian Kelebihan Pembayaran Perjalanan Dinas Dalam Negeri- Perjalanan Dinas Paket Meeting Luar Kota,2025,,
"410415040006",Pendapatan dari Pengembalian Kelebihan Pembayaran Perjalanan Dinas Luar Negeri- Perjalanan Dinas Biasaâ€“Luar Negeri,2025,,
"41041505",Pendapatan dari Pengembalian Kelebihan,2025,,
"410415050001",Pendapatan dari Pengembalian Kelebihan Pembayaran JKK,2025,,
"41041506",Pendapatan dari Pengembalian Kelebihan Pembayaran Jaminan Kematian (JKM),2025,,
"410415060001",Pendapatan dari Pengembalian Kelebihan Pembayaran JKM,2025,,
"41041507",Pendapatan dari Pengembalian Kelebihan Pembayaran Jaminan Kesehatan Nasional (JKN),2025,,
"410415070001",Pendapatan dari Pengembalian Kelebihan Pembayaran Jaminan Kesehatan Nasional (JKN),2025,,
"410415080001",,2025,,
"410415080002",,2025,,
"410415080003",,2025,,
"410415080004",,2025,,
"410415080005",,2025,,
"410415080006",,2025,,
"410415080007",,2025,,
"410415080008",,2025,,
"410415080009",,2025,,
"410415080011",,2025,,
"410415080012",,2025,,
"410415080015",,2025,,
"410415080016",,2025,,
"410415090009",,2025,,
"410415090010",,2025,,
"410415090011",,2025,,
"410415090012",,2025,,
"410415090013",,2025,,
"410415090014",,2025,,
"410415090074",,2025,,
"410415090082",,2025,,
"410415100050",,2025,,
"410415150004",,2025,,
"410415150008",,2025,,
"410415150012",,2025,,
"410415150040",,2025,,
"410415150052",,2025,,
"410415160016",,2025,,
"410415160021",,2025,,
"410415160026",,2025,,
"410415160028",,2025,,
"410415160029",,2025,,
"410415160030",,2025,,
"410415160031",,2025,,
"410415160055",,2025,,
"410415160063",,2025,,
"410415160158",,2025,,
"410415160986",,2025,,
"410415161063",,2025,,
"410415170545",,2025,,
"410415170554",,2025,,
"410415170573",,2025,,
"410415170589",,2025,,
"410415170734",,2025,,
"410415270001",,2025,,
"410415300001",,2025,,
"410415340001",,2025,,
"410415340002",,2025,,
"410415340004",,2025,,
"410415340007",,2025,,
"410415340010",,2025,,
"410415340014",,2025,,
"410415350001",,2025,,
"410415350003",,2025,,
"410415370001",,2025,,
"410415610001",,2025,,
"410415610003",,2025,,
"410415610010",,2025,,
"410415610018",,2025,,
"410415610041",,2025,,
"410415650002",,2025,,
"410415650012",,2025,,
"410415660003",,2025,,
"410415770001",,2025,,
"410415820002",,2025,,
"410415830002",,2025,,
"410415840005",,2025,,
"410415870001",,2025,,
"410415880002",,2025,,
"410415880004",,2025,,
"410415890004",,2025,,
"410416",Pendapatan BLUD,2025,PBLU,"516"
"41041601",Pendapatan BLUD,2025,,
"410416010001",Pendapatan BLUD,2025,,
"410417",Pendapatan Denda Pemanfaatan BMD yang tidak Dipisahkan,2025,PDPB,"202"
"41041701",Pendapatan Denda Pengakhiran Sewa BMD,2025,,
"410417010001",Pendapatan Denda Pengakhiran Sewa BMD,2025,,
"41041702",Pendapatan Denda Hasil dari Kerja Sama Penyediaan Infrastruktur,2025,,
"410417020001",Pendapatan Denda Hasil dari Kerja Sama Penyediaan Infrastruktur,2025,,
"410418",Pendapatan Dana Kapitasi Jaminan Kesehatan Nasional (JKN) pada Fasilitas Kesehatan Tingkat Pertama (FKTP),2025,PJKN,"519"
"41041801",Pendapatan Dana Kapitasi JKN pada FKTP,2025,,
"410418010001",Pendapatan Dana Kapitasi JKN pada FKTP,2025,,
"410419",Pendapatan Hasil Pengelolaan Dana Bergulir,2025,PHPDB,"521"
"41041901",Pendapatan Hasil Pengelolaan Dana Bergulir,2025,,
"410419010001",Pendapatan Hasil Pengelolaan Dana Bergulir,2025,,
"410420",Pendapatan Berdasarkan Putusan Pengadilan (Inkracht),2025,PBPP,"523"
"41042001",Pendapatan Berdasarkan Putusan Pengadilan (Inkracht),2025,,
"410420010001",Pendapatan Berdasarkan Putusan Pengadilan (Inkracht),2025,,
"410421",Pendapatan Denda atas Pelanggaran Peraturan Daerah,2025,PDPP,"524"
"41042101",Pendapatan Denda atas Pelanggaran Peraturan Daerah,2025,,
"410421010001",Pendapatan Denda atas Pelanggaran Peraturan Daerah,2025,,
"410422","Pendapatan Zakat, Infaq, Shadaqah, dan Wakaf",2025,PZIS,"525"
"41042201",Pendapatan Zakat,2025,,
"410422010001",Pendapatan Zakat,2025,,
"410422010002",Pendapatan Infaq,2025,,
"410422010003",Pendapatan Shadaqah,2025,,
"410422010004",Pendapatan Wakaf,2025,,
"410423010001",,2025,,
"42",PENDAPATAN TRANSFER,2025,,
"4201",Pendapatan Transfer Pemerintah Pusat,2025,,
"420101",Dana Perimbangan,2025,DPR,"606"
"42010101",Dana Transfer Umum-Dana Bagi Hasil (DBH),2025,,
"420101010001",DBH Pajak Bumi dan Bangunan,2025,,
"420101010002",DBH PPh Pasal 21,2025,,
"420101010003",DBH PPh Pasal 25 dan Pasal 29/WPOPDN,2025,,
"420101010004",DBH Cukai Hasil Tembakau (CHT),2025,,
"420101010005",DBH Sumber Daya Alam (SDA) Minyak Bumi,2025,,
"420101010006",DBH Sumber Daya Alam (SDA) Gas Bumi,2025,,
"420101010007",DBH Sumber Daya Alam (SDA) Pengusahaan Panas Bumi,2025,,
"420101010008",DBH Sumber Daya Alam (SDA) Mineral dan Batubara-Landrent,2025,,
"420101010009",Dana Bagi Hasil (DBH) Sumber Daya Alam (SDA) Mineral dan Batubara-Royalty,2025,,
"420101010010",DBH Sumber Daya Alam (SDA) Kehutanan- Provisi Sumber Daya Hutan (PSDH),2025,,
"420101010011",DBH Sumber Daya Alam (SDA) Kehutanan- Iuran Izin Usaha Pemanfaatan Hutan (IIUPH),2025,,
"420101010012",DBH Sumber Daya Alam (SDA) Kehutanan- Dana Reboisasi (DR),2025,,
"420101010013",DBH Sumber Daya Alam (SDA) Perikanan,2025,,
"42010102",Dana Transfer Umum-Dana Alokasi Umum (DAU),2025,,
"420101020001",DAU,2025,,
"420101020002",DAU Tambahan Dukungan Pendanaan Kelurahan,2025,,
"420101020003",DAU Tambahan Dukungan Pendanaan atas Kebijakan Penyetaraan Penghasilan Tetap Kepala Desa dan Perangkat Desa,2025,,
"420101020004",DAU Tambahan Dukungan Pendanaan atas Kebijakan Penggajian Pegawai Pemerintah dengan Perjanjian Kerja,2025,,
"42010103",Dana Transfer Khusus-Dana Alokasi Khusus (DAK) Fisik,2025,,
"420101030001",DAK Fisik-Bidang Pendidikan-Reguler-PAUD,2025,,
"420101030002",DAK Fisik-Bidang Pendidikan-Reguler-SD,2025,,
"420101030003",DAK Fisik-Bidang Pendidikan-Reguler-SMP,2025,,
"420101030004",DAK Fisik-Bidang Pendidikan-Reguler-SMA,2025,,
"420101030005",DAK Fisik-Bidang Pendidikan-Reguler-SLB,2025,,
"420101030006",DAK Fisik-Bidang Pendidikan-Reguler-SKB,2025,,
"420101030007",DAK Fisik-Bidang Pendidikan-Afirmasi-SD,2025,,
"420101030008",DAK Fisik-Bidang Pendidikan-Afirmasi-SMP,2025,,
"420101030009",DAK Fisik-Bidang Pendidikan-Afirmasi-SMA,2025,,
"420101030010",DAK Fisik-Bidang Pendidikan-Penugasan- SMK,2025,,
"420101030011",DAK Fisik-Bidang Pendidikan-Reguler- Perpustakaan Daerah,2025,,
"420101030012",DAK Fisik-Bidang Pendidikan-Reguler- Gedung Olahraga,2025,,
"420101030013",DAK Fisik-Bidang Kesehatan dan KB- Reguler-Pelayanan Kesehatan Dasar,2025,,
"420101030014",DAK Fisik-Bidang Kesehatan dan KB- Reguler-Pelayanan Kesehatan Rujukan,2025,,
"420101030015",DAK Fisik-Bidang Kesehatan dan KB- Reguler-Pelayanan Kefarmasian,2025,,
"420101030016",DAK Fisik-Bidang Kesehatan dan KB- Penugasan-Penurunan AKI dan AKB,2025,,
"420101030017",DAK Fisik-Bidang Kesehatan dan KB- Penugasan-Penguatan Intervensi Stunting,2025,,
"420101030018",DAK Fisik-Bidang Kesehatan dan KB- Penugasan-Peningkatan Pencegahan dan Pengendalian Penyakit dan Sanitasi Total Berbasis Masyarakat,2025,,
"420101030019",DAK Fisik-Bidang Kesehatan dan KB- Penugasan-Penguatan RS Rujukan Nasional/Provinsi/Regional/Pariwisata,2025,,
"420101030020",DAK Fisik-Bidang Kesehatan dan KB- Penugasan-Pembangunan RS Pratama,2025,,
"420101030021",DAK Fisik-Bidang Kesehatan dan KB- Penugasan-Puskesmas Pariwisata,2025,,
"420101030022",DAK Fisik-Bidang Kesehatan dan KB- Penugasan-Balai Pelatihan Kesehatan,2025,,
"420101030023",DAK Fisik-Bidang Kesehatan dan KB- Afirmasi-Penguatan Puskesmas Daerah Tertinggal Perbatasan Negara dan Kepulauan (DTPK),2025,,
"420101030024",DAK Fisik-Bidang Kesehatan dan KB- Afirmasi-Penguatan Prasarana Dasar Puskesmas,2025,,
"420101030025",DAK Fisik-Bidang Kesehatan dan KB- Reguler-KB,2025,,
"420101030026",DAK Fisik-Bidang Kesehatan dan KB- Penugasan-Penurunan Stunting (KB),2025,,
"420101030027",DAK Fisik-Bidang Perumahan dan Permukiman-Reguler-Penyediaan Rumah Swadaya,2025,,
"420101030028",DAK Fisik-Bidang Perumahan dan Permukiman-Afirmasi-Penyediaan Rumah Swadaya,2025,,
"420101030029",DAK Fisik-Bidang Perumahan dan Permukiman-Afirmasi-Penyediaan Rumah Khusus,2025,,
"420101030030",DAK Fisik-Bidang Industri Kecil dan Menengah-Penugasan-Pembangunan Sentra IKM dan Revitalisasi Sentra IKM,2025,,
"420101030031",DAK Fisik-Bidang Pertanian-Penugasan-Pembangunan/Renovasi Sarana dan Prasarana Fisik Dasar Pembangunan Pertanian,2025,,
"420101030032",DAK Fisik-Bidang Kelautan dan Perikanan- Penugasan,2025,,
"420101030033",DAK Fisik-Bidang Pariwisata-Penugasan,2025,,
"420101030034",DAK Fisik-Bidang Jalan-Reguler-Jalan,2025,,
"420101030035",DAK Fisik-Bidang Jalan-Penugasan-Jalan,2025,,
"420101030036",DAK Fisik-Bidang Jalan-Penugasan- Keselamatan Jalan,2025,,
"420101030037",DAK Fisik-Bidang Air Minum-Reguler,2025,,
"420101030038",DAK Fisik-Bidang Air Minum-Afirmasi,2025,,
"420101030039",DAK Fisik-Bidang Air Minum-Penugasan,2025,,
"420101030040",DAK Fisik-Bidang Sanitasi-Reguler,2025,,
"420101030041",DAK Fisik-Bidang Sanitasi-Afirmasi,2025,,
"420101030042",DAK Fisik-Bidang Sanitasi-Penugasan,2025,,
"420101030043",DAK Fisik-Bidang Irigasi-Penugasan,2025,,
"420101030044",DAK Fisik-Bidang Pasar-Penugasan,2025,,
"420101030045",DAK Fisik-Bidang Lingkungan Hidup dan Kehutanan-Penugasan-Lingkungan Hidup,2025,,
"420101030046",DAK Fisik-Bidang Lingkungan Hidup dan Kehutanan-Penugasan-Kehutanan,2025,,
"420101030047",DAK Fisik-Bidang Transportasi Perdesaan- Afirmasi,2025,,
"420101030048",DAK Fisik-Bidang Transportasi Laut-Afirmasi,2025,,
"420101030049",DAK Fisik-Bidang Transportasi Laut- Penugasan,2025,,
"420101030050",DAK Fisik-Bidang Sosial-Reguler,2025,,
"42010104",Dana Transfer Khusus-Dana Alokasi Khusus (DAK) Non Fisik,2025,,
"420101040001",DAK Non Fisik-BOS Reguler,2025,,
"420101040002",DAK Non Fisik-BOS Afirmasi,2025,,
"420101040003",DAK Non Fisik-BOS Kinerja,2025,,
"420101040004",DAK Non Fisik-TPG PNSD,2025,,
"420101040005",DAK Non Fisik-Tamsil Guru PNSD,2025,,
"420101040006",DAK Non Fisik-TKG PNSD,2025,,
"420101040007",DAK Non Fisik-BOP PAUD,2025,,
"420101040008",DAK Non Fisik-BOP Pendidikan Kesetaraan,2025,,
"420101040009",DAK Non Fisik-BOP Museum dan Taman Budaya-Museum,2025,,
"420101040010",DAK Non Fisik-BOP Museum dan Taman Budaya-Taman Budaya,2025,,
"420101040011",DAK Non Fisik-BOKKB-BOK,2025,,
"420101040012",DAK Non Fisik-BOKKB-Pengawasan Obat dan Makanan,2025,,
"420101040013",DAK Non Fisik-BOKKB-Akreditasi Puskesmas,2025,,
"420101040014",DAK Non Fisik-BOKKB-Jaminan Persalinan,2025,,
"420101040015",DAK Non Fisik-BOKKB-BOKB,2025,,
"420101040016",DAK Non Fisik-PK2UKM,2025,,
"420101040017",DAK Non Fisik-Dana Pelayanan Administrasi Kependudukan,2025,,
"420101040018",DAK Non Fisik-Dana Pelayanan Kepariwisataan,2025,,
"420101040019",DAK Non Fisik-Dana Bantuan BLPS,2025,,
"420102",Dana Insentif Daerah (DID),2025,DID,"720"
"42010201",DID,2025,,
"420102010001",DID,2025,,
"420103",Dana Otonomi Khusus dan Dana Tambahann Infrastruktur,2025,DOK,"710"
"42010301",Dana Otonomi Khusus-Provinsi Papua,2025,,
"420103010001",Dana Otonomi Khusus-Provinsi Papua,2025,,
"42010302",Dana Otonomi Khusus-Provinsi Papua Barat,2025,,
"420103020001",Dana Otonomi Khusus-Provinsi Papua Barat,2025,,
"42010303",Dana Otonomi Khusus-Provinsi Aceh,2025,,
"420103030001",Dana Otonomi Khusus-Provinsi Aceh,2025,,
"42010304",Dana Tambahan Infrastruktur dalam rangka Otonomi Khusus Provinsi Papua,2025,,
"420103040001",Dana Tambahan Infrastruktur dalam rangka Otonomi Khusus Provinsi Papua,2025,,
"42010305",Dana Tambahan Infrastruktur dalam rangka Otonomi Khusus Provinsi Papua Barat,2025,,
"420103050001",Dana Tambahan Infrastruktur dalam rangka Otonomi Khusus Provinsi Papua Barat,2025,,
"420104",Dana Keistimewaan,2025,DKS,"716"
"42010401",Dana Keistimewaan Daerah Istimewa Yogyakarta,2025,,
"420104010001",Dana Keistimewaan Daerah Istimewa Yogyakarta,2025,,
"420105",Dana Desa,2025,DDS,"717"
"42010501",Dana Desa,2025,,
"420105010001",Dana Desa,2025,,
"420109010004",,2025,,
"4202",Pendapatan Transfer Antar Daerah,2025,,
"420201",Pendapatan Bagi Hasil,2025,DBHP,"706"
"42020101",Pendapatan Bagi Hasil Pajak,2025,,
"420201010001",Pendapatan Bagi Hasil Pajak Kendaraan Bermotor,2025,,
"420201010002",Pendapatan Bagi Hasil Bea Balik Nama Kendaraan Bermotor,2025,,
"420201010003",Pendapatan Bagi Hasil Pajak Bahan Bakar Kendaraan Bermotor,2025,,
"420201010004",Pendapatan Bagi Hasil Pajak Air Permukaan,2025,,
"420201010005",Pendapatan Bagi Hasil Pajak Rokok,2025,,
"420202",Bantuan Keuangan,2025,BKU,"712"
"42020201",Bantuan Keuangan Umum dari Pemerintah Provinsi,2025,,
"420202010001",Bantuan Keuangan Umum dari Pemerintah Daerah Provinsi,2025,,
"42020202",Bantuan Keuangan Khusus dari Pemerintah Provinsi,2025,,
"420202020001",Bantuan Keuangan Khusus dari Pemerintah Daerah Provinsi,2025,,
"42020203",Bantuan Keuangan Umum dari Pemerintah Kabupaten/Kota,2025,,
"420202030001",Bantuan Keuangan Umum dari Pemerintah Daerah Kabupaten/Kota,2025,,
"42020204",Bantuan Keuangan Khusus dari Pemerintah Kabupaten/Kota,2025,,
"420202040001",Bantuan Keuangan Khusus dari Pemerintah Daerah Kabupaten/Kota,2025,,
"43",LAIN-LAIN PENDAPATAN DAERAH YANG SAH,2025,,
"4301",Pendapatan Hibah,2025,,
"430101",Pendapatan Hibah dari Pemerintah Pusat,2025,PHP,"700"
"43010101",Pendapatan Hibah dari Pemerintah Pusat,2025,,
"430101010001",Pendapatan Hibah dari Pemerintah Pusat,2025,,
"430102",Pendapatan Hibah dari Pemerintah Daerah Lainnya,2025,PHPDL,"701"
"43010201",Pendapatan Hibah dari Pemerintah Daerah Lainnya,2025,,
"430102010001",Pendapatan Hibah dari Pemerintah Daerah,2025,,
"430103",Pendapatan Hibah dari Kelompok Masyarakat/Perorangan Dalam Negeri,2025,PHKM,"703"
"43010301",Pendapatan Hibah dari Kelompok Masyarakat/Perorangan Dalam Negeri,2025,,
"430103010001",Pendapatan Hibah dari Kelompok Masyarakat Dalam Negeri/Perorangan dalam Negeri,2025,,
"430104",Pendapatan Hibah dari Badan/Lembaga/ Organisasi Dalam Negeri/Luar Negeri,2025,PHLN,"704"
"43010401",Pendapatan Hibah dari Badan/Lembaga/ Organisasi Dalam Negeri,2025,,
"430104010001",Pendapatan Hibah dari Badan/Lembaga/ Organisasi Dalam Negeri,2025,,
"43010402",Pendapatan Hibah dari Badan/Lembaga/ Organisasi Luar Negeri,2025,,
"430104020001",Pendapatan Hibah dari Badan/Lembaga/ Organisasi Luar Negeri,2025,,
"43010403",Pendapatan Hibah dari Lembaga/Organisasi Swasta Dalam Negeri,2025,,
"430104030001",Pendapatan Hibah dari Lembaga/Organisasi Swasta Dalam Negeri,2025,,
"43010404",Pendapatan Hibah dari Lembaga/Organisasi Swasta Luar Negeri,2025,,
"430104040001",Pendapatan Hibah dari Lembaga/Organisasi Swasta Luar Negeri,2025,,
"430105",Sumbangan Pihak Ketiga/Sejenis,2025,SPK,"718"
"43010501",Sumbangan Pihak Ketiga/Sejenis,2025,,
"430105010001",Sumbangan Pihak Ketiga/Sejenis,2025,,
"4302",Dana Darurat,2025,,
"430201",Dana Darurat,2025,DD,"719"
"43020101",Dana Darurat,2025,,
"430201010001",Dana Darurat pada Tahap Pasca Bencana,2025,,
"4303",Lain-lain Pendapatan Sesuai dengan Ketentuan Peraturan Perundang-Undangan,2025,,
"430301",Lain-lain Pendapatan,2025,PLL,"400"
"43030101",Pendapatan Hibah Dana BOS,2025,,
"430301010001",Pendapatan Hibah Dana BOS,2025,,
"43030102",Pendapatan atas Pengembalian Hibah,2025,,
"430301020001",Pendapatan atas Pengembalian Hibah pada Pemerintah,2025,,
"430301020002",Pendapatan atas Pengembalian Hibah pada Pemerintah Daerah Lainnya,2025,,
"430301020003",Pendapatan atas Pengembalian Hibah pada BUMN,2025,,
"430301020004",Pendapatan atas Pengembalian Hibah pada BUMD,2025,,
"430301020005","Pendapatan atas Pengembalian Hibah pada Badan, Lembaga, dan Organisasi Kemasyarakatan yang Berbadan hukum Indonesia",2025,,
"430301020006",Pendapatan atas Pengembalian Hibah Bantuan Keuangan pada Partai Politik,2025,,
"510101010001",,2025,,
"510101010002",,2025,,
"510101020001",,2025,,
"510101020002",,2025,,
"510101030001",,2025,,
"510101040001",,2025,,
"510101050001",,2025,,
"510101050002",,2025,,
"510101060001",,2025,,
"510101060002",,2025,,
"510101070001",,2025,,
"510101080001",,2025,,
"510101080002",,2025,,
"510101090001",,2025,,
"510101100001",,2025,,
"510101110001",,2025,,
"510102050001",,2025,,
"510102050002",,2025,,
"510102060001",,2025,,
"510102060002",,2025,,
"510102060003",,2025,,
"510102060004",,2025,,
"510102060035",,2025,,
"510102060064",,2025,,
"510102060068",,2025,,
"510201010002",,2025,,
"510201010004",,2025,,
"510201010005",,2025,,
"510201010008",,2025,,
"510201010013",,2025,,
"510201010024",,2025,,
"510201010025",,2025,,
"510201010026",,2025,,
"510201010027",,2025,,
"510201010029",,2025,,
"510201010030",,2025,,
"510201010031",,2025,,
"510201010032",,2025,,
"510201010034",,2025,,
"510201010035",,2025,,
"510201010036",,2025,,
"510201010039",,2025,,
"510201010040",,2025,,
"510201010052",,2025,,
"510201010053",,2025,,
"510201010057",,2025,,
"510201010058",,2025,,
"510201010064",,2025,,
"510202010001",,2025,,
"510202010002",,2025,,
"510202010003",,2025,,
"510202010004",,2025,,
"510202010011",,2025,,
"510202010013",,2025,,
"510202010016",,2025,,
"510202010021",,2025,,
"510202010026",,2025,,
"510202010029",,2025,,
"510202010030",,2025,,
"510202010031",,2025,,
"510202010047",,2025,,
"510202010055",,2025,,
"510202010061",,2025,,
"510202010064",,2025,,
"510202010080",,2025,,
"510202010081",,2025,,
"510202040035",,2025,,
"510202040036",,2025,,
"510202050041",,2025,,
"510202110002",,2025,,
"510202120001",,2025,,
"510202120002",,2025,,
"510203020036",,2025,,
"510203020117",,2025,,
"510203020121",,2025,,
"510203020124",,2025,,
"510203020133",,2025,,
"510203020148",,2025,,
"510203020491",,2025,,
"510203020492",,2025,,
"510203030001",,2025,,
"510203030010",,2025,,
"510203030018",,2025,,
"510203040002",,2025,,
"510203040031",,2025,,
"510203060005",,2025,,
"510204010001",,2025,,
"510204010003",,2025,,
"510204010004",,2025,,
"510204010005",,2025,,
"510204020001",,2025,,
"510205010005",,2025,,
"510402020001",,2025,,
"510505010001",,2025,,
"510505020001",,2025,,
"510505040001",,2025,,
"510506030001",,2025,,
"510506040001",,2025,,
"510601010001",,2025,,
"520201030005",,2025,,
"520205010004",,2025,,
"520205010005",,2025,,
"520205020001",,2025,,
"520205020003",,2025,,
"520205020004",,2025,,
"520205020006",,2025,,
"520206010001",,2025,,
"520206010002",,2025,,
"520207010015",,2025,,
"520210010002",,2025,,
"520210020003",,2025,,
"520210020004",,2025,,
"520301010001",,2025,,
"520301010006",,2025,,
"520301010010",,2025,,
"520401010002",,2025,,
"530101010001",,2025,,
"540203020001",,2025,,
"540205020002",,2025,,
"710202200001",,2025,,
"810704151283",,2025,,
